{
    "data":
    [
        {
            "data":{
                "name":"Customer",
                "size":"150kb",
                "type":"Folder"
            },
            "children":[
                {
                    "data":{
                        "name":"Name",
                        "size":"90kb",
                        "type":"Picture"
                    }
                },
                {
                    "data":{
                        "name":"ID",
                        "size":"30kb",
                        "type":"Picture"
                    }
                },
                {
                    "data":{
                        "name":"Geography",
                        "size":"30kb",
                        "type":"Picture"
                    }
                },
                {
                    "data":{
                        "name":"DOB",
                        "size":"30kb",
                        "type":"Picture"
                    }
                }
            ]
        },
         {
            "data":{
                "name":"Address",
                "size":"150kb",
                "type":"Folder"
            },
            "children":[
                {
                    "data":{
                        "name":"Address1",
                        "size":"90kb",
                        "type":"Picture"
                    }
                },
                {
                    "data":{
                        "name":"Address2",
                        "size":"30kb",
                        "type":"Picture"
                    }
                },
                {
                    "data":{
                        "name":"Address3",
                        "size":"30kb",
                        "type":"Picture"
                    }
                },
                {
                    "data":{
                        "name":"City",
                        "size":"30kb",
                        "type":"Picture"
                    }
                },
                {
                    "data":{
                        "name":"State",
                        "size":"30kb",
                        "type":"Picture"
                    }
                },
                {
                    "data":{
                        "name":"Country",
                        "size":"30kb",
                        "type":"Picture"
                    }
                }
            ]
        }
    ]
}
