[
     {
       "key":"App Name",
       "vale":"ABONO A COMERCIOS MX"

    },
     {
       "key":"Application Type",
       "vale":"Business"
    },
    {
      "key":"Reviewer Name",
      "vale":"Raul GOMEZ"
   },
    {
      "key":"Business Org",
      "vale":"Retail Banking"
   },
   {
     "key":"Business Owner",
     "vale":"David A GRIMME"
  },
  {
    "key":"Supporting Region",
    "vale":"Latin America"
 },
 {
   "key":"Supporting Country",
   "vale":"Mexico"
}

]
